{"cameraMode":{"drawMode":0,"name":"Shaded","section":"Shading Mode"},"sceneLighting":false,"audioPlay":false,"sceneViewState":{"showFog":true,"showMaterialUpdate":false,"showSkybox":false,"showFlares":true,"showImageEffects":true,"showParticleSystems":true},"in2DMode":false,"pivot":{"x":-15.076882362365723,"y":0.5003769397735596,"z":-4.119022369384766},"rotation":{"x":0.0010942198568955064,"y":0.9434763193130493,"z":-0.3314192593097687,"w":0.0031151080038398506},"size":1.2248257398605347,"orthographic":false}