{"cameraMode":{"drawMode":0,"name":"Shaded","section":"Shading Mode"},"sceneLighting":true,"audioPlay":false,"sceneViewState":{"showFog":true,"showMaterialUpdate":false,"showSkybox":false,"showFlares":true,"showImageEffects":true,"showParticleSystems":true},"in2DMode":false,"pivot":{"x":0.6980949640274048,"y":1.3009357452392579,"z":-0.9412641525268555},"rotation":{"x":-0.022031480446457864,"y":0.9670913815498352,"z":-0.23698118329048158,"w":-0.08990596979856491},"size":6.250908851623535,"orthographic":false}